region,cluster,Resource,Resource_Type,MGA,R_ID,Zone,THERM,Commit,STOR,HYDRO,FLEX,MUST_RUN,VRE,LDS,Num_VRE_Bins,CapRes_1,ESR_1,ESR_2,Min_Share,Max_Share,Existing_Cap_MW,Existing_Charge_Cap_MW,Existing_Cap_MWh,New_Build,Cap_Size,Min_Cap_MW,Max_Cap_MW,Min_Charge_Cap_MW,Max_Charge_Cap_MW,Min_Cap_MWh,Max_Cap_MWh,Inv_Cost_per_MWyr,Fixed_OM_Cost_per_MWyr,Inv_Cost_per_MWhyr,Fixed_OM_Cost_per_MWhyr,Inv_Cost_Charge_per_MWyr,Fixed_OM_Cost_Charge_per_MWyr,Var_OM_Cost_per_MWh,Var_OM_Cost_per_MWh_In,Start_Cost_per_MW,Start_Fuel_MMBTU_per_MW,Heat_Rate_MMBTU_per_MWh,Fuel,Min_Power,Self_Disch,Eff_Up,Eff_Down,Hydro_Energy_to_Power_Ratio,Min_Duration,Max_Duration,Max_Flexible_Demand_Advance,Max_Flexible_Demand_Delay,Flexible_Demand_Energy_Eff,Ramp_Up_Percentage,Ramp_Dn_Percentage,Up_Time,Down_Time,Reg_Max,Rsv_Max,Reg_Cost,Rsv_Cost,MinCapTag_1,MinCapTag_2,MinCapTag_3
NENGREST,1,NENGREST_biomass_1,other_renewables,0,1,1,1,1,0,0,0,0,0,0,0,0.93,1,1,0,0,106.062,0,0,-1,3.21,0,0,0,-1,0,-1,0,122976,0,0,0,0,5.08,0,0,0,14.58,None,0.45,0,1,1,1,0,0,0,0,1,1,1,0,0,0.083333333,0.166666667,0,0,0,0,0
NENGREST,1,NENGREST_conventional_hydroelectric_1,other_renewables,0,2,1,0,0,0,1,0,0,0,0,0,0.8,0,1,0,0,662.983,0,0,-1,11.24,0,0,0,-1,0,-1,0,46475,0,0,0,0,0,0,0,0,9.12,None,0.116,0,1,1,1,0,0,0,0,1,0.083,0.083,0,0,0.006916667,0.013833333,0,0,0,0,0
NENGREST,1,NENGREST_hydroelectric_pumped_storage_1,hydroelectric_pumped_storage,0,3,1,0,0,1,0,0,0,0,0,0,0.95,0,0,0,0,1768.002,0,280635.2381,-1,294.67,0,0,0,-1,0,-1,0,40113,0,0,0,0,0,0,0,0,0,None,0.532,0,0.866,0.866,158.730159,0,200,0,0,1,1,1,0,0,0.083333333,0.166666667,0,0,0,0,0
NENGREST,1,NENGREST_natural_gas_fired_combined_cycle_1,natural_gas,1,4,1,1,1,0,0,0,0,0,0,0,0.93,0,0,0,0,7077.3,0,0,0,471.82,0,0,0,-1,0,-1,0,10287,0,0,0,0,3.55,0,91,2,7.43,NENGREST_NG,0.468,0,1,1,1,0,0,0,0,1,0.64,0.64,6,6,0.053333333,0.106666667,0,0,0,0,0
NENGREST,2,NENGREST_natural_gas_fired_combined_cycle_2,natural_gas,1,5,1,1,1,0,0,0,0,0,0,0,0.93,0,0,0,0,2684.803,0,0,0,244.07,0,0,0,-1,0,-1,0,16291,0,0,0,0,4.5,0,91,2,8.29,NENGREST_NG,0.507,0,1,1,1,0,0,0,0,1,0.64,0.64,6,6,0.053333333,0.106666667,0,0,0,0,0
NENGREST,1,NENGREST_natural_gas_fired_combustion_turbine_1,natural_gas,1,6,1,1,1,0,0,0,0,0,0,0,0.93,0,0,0,0,302.701,0,0,0,43.24,0,0,0,-1,0,-1,0,12080,0,0,0,0,4.6,0,118,3.5,10.13,NENGREST_NG,0.456,0,1,1,1,0,0,0,0,1,3.78,3.78,1,1,0.315,0.63,0,0,0,0,0
NENGREST,2,NENGREST_natural_gas_fired_combustion_turbine_2,natural_gas,1,7,1,1,1,0,0,0,0,0,0,0,0.93,0,0,0,0,62.704,0,0,0,7.84,0,0,0,-1,0,-1,0,13991,0,0,0,0,4.6,0,118,3.5,4.74,NENGREST_NG,0.488,0,1,1,1,0,0,0,0,1,3.78,3.78,1,1,0.315,0.63,0,0,0,0,0
NENGREST,1,NENGREST_natural_gas_steam_turbine_1,natural_gas,1,8,1,1,1,0,0,0,0,0,0,0,0.93,0,0,0,0,0.6,0,0,0,0.6,0,0,0,-1,0,-1,0,50678,0,0,0,0,1.04,0,86,13.7,0,NENGREST_NG,0,0,0,0,0,0,0,0,0,1,0,0,0,0,0,0,0,0,0,0,0
NENGREST,1,NENGREST_nuclear_1,nuclear,1,9,1,1,1,0,0,0,0,0,0,0,0.93,0,1,0,0,1242,0,0,0,1242,0,0,0,-1,0,-1,0,271818,0,0,0,0,2.32,0,245,0,10.46,new_england_uranium,0.5,0,1,1,1,0,0,0,0,1,0.25,0.25,24,24,0.020833333,0.041666667,0,0,0,0,0
NENGREST,1,NENGREST_offshore_wind_turbine_1,offshore_wind,1,10,1,0,0,0,0,0,0,1,0,1,0.8,1,1,0,0,30,0,0,0,30,0,0,0,-1,0,-1,0,128440,0,0,0,0,0,0,0,0,9.12,None,0,0,0,0,0,0,0,0,0,1,0,0,0,0,0,0,0,0,1,1,0
NENGREST,1,NENGREST_onshore_wind_turbine_1,onshore_wind,1,11,1,0,0,0,0,0,0,1,0,1,0.8,1,1,0,0,145.8,0,0,0,9.75,0,0,0,-1,0,-1,0,43205,0,0,0,0,-18,0,0,0,9.12,None,0,0,1,1,1,0,0,0,0,1,1,1,0,0,0.083333333,0.166666667,0,0,1,0,0
NENGREST,1,NENGREST_small_hydroelectric_1,other_renewables,0,12,1,0,0,0,0,0,0,0,0,0,0,1,1,0,0,186.355,0,0,-1,0.79,0,0,0,-1,0,-1,0,46475,0,0,0,0,0,0,0,0,9.12,None,0.116,0,1,1,1,0,0,0,0,1,1,1,0,0,0.083333333,0.166666667,0,0,0,0,0
NENGREST,1,NENGREST_solar_photovoltaic_1,solar,1,13,1,0,0,0,0,0,0,1,0,1,0.8,1,1,0,0,821.4,0,0,0,2.6,0,0,0,-1,0,-1,0,18760,0,0,0,0,0,0,0,0,9.13,None,0,0,1,1,1,0,0,0,0,1,1,1,0,0,0.083333333,0.166666667,0,0,0,0,1
NENG_CT,1,NENG_CT_biomass_1,other_renewables,0,14,2,1,1,0,0,0,0,0,0,0,0.93,1,1,0,0,27.248,0,0,-1,3.41,0,0,0,-1,0,-1,0,122976,0,0,0,0,5.37,0,0,0,15.33,None,0.348,0,1,1,1,0,0,0,0,1,1,1,0,0,0.083333333,0.166666667,0,0,0,0,0
NENG_CT,1,NENG_CT_conventional_hydroelectric_1,other_renewables,0,15,2,0,0,0,1,0,0,0,0,0,0.8,0,1,0,0,67.7,0,0,-1,13.54,0,0,0,-1,0,-1,0,46475,0,0,0,0,0,0,0,0,9.12,None,0.18,0,1,1,1,0,0,0,0,1,0.083,0.083,0,0,0.006916667,0.013833333,0,0,0,0,0
NENG_CT,1,NENG_CT_hydroelectric_pumped_storage_1,hydroelectric_pumped_storage,0,16,2,0,0,1,0,0,0,0,0,0,0.95,0,0,0,0,30.999,0,4920.47619,-1,10.33,0,0,0,-1,0,-1,0,40113,0,0,0,0,0,0,0,0,0,None,0.871,0,0.866,0.866,158.730159,0,200,0,0,1,1,1,0,0,0.083333333,0.166666667,0,0,0,0,0
NENG_CT,1,NENG_CT_natural_gas_fired_combined_cycle_1,natural_gas,1,17,2,1,1,0,0,0,0,0,0,0,0.93,0,0,0,0,3488.704,0,0,0,436.09,0,0,0,-1,0,-1,0,9698,0,0,0,0,3.57,0,91,2,7.12,NENG_CT_NG,0.338,0,1,1,1,0,0,0,0,1,0.64,0.64,6,6,0.053333333,0.106666667,0,0,0,0,0
NENG_CT,2,NENG_CT_natural_gas_fired_combined_cycle_2,natural_gas,1,18,2,1,1,0,0,0,0,0,0,0,0.93,0,0,0,0,35.2,0,0,0,17.6,0,0,0,-1,0,-1,0,16291,0,0,0,0,4.5,0,91,2,10.77,NENG_CT_NG,0.466,0,1,1,1,0,0,0,0,1,0.64,0.64,6,6,0.053333333,0.106666667,0,0,0,0,0
NENG_CT,1,NENG_CT_natural_gas_fired_combustion_turbine_1,natural_gas,1,19,2,1,1,0,0,0,0,0,0,0,0.93,0,0,0,0,434,0,0,0,54.25,0,0,0,-1,0,-1,0,10609,0,0,0,0,4.6,0,118,3.5,11.06,NENG_CT_NG,0.124,0,1,1,1,0,0,0,0,1,3.78,3.78,1,1,0.315,0.63,0,0,0,0,0
NENG_CT,2,NENG_CT_natural_gas_fired_combustion_turbine_2,natural_gas,1,20,2,1,1,0,0,0,0,0,0,0,0.93,0,0,0,0,124.9,0,0,0,24.98,0,0,0,-1,0,-1,0,13991,0,0,0,0,4.6,0,118,3.5,8.35,NENG_CT_NG,0.476,0,1,1,1,0,0,0,0,1,3.78,3.78,1,1,0.315,0.63,0,0,0,0,0
NENG_CT,1,NENG_CT_nuclear_1,nuclear,1,21,2,1,1,0,0,0,0,0,0,0,0.93,0,1,0,0,2162.9,0,0,0,1081.45,0,0,0,-1,0,-1,0,190920,0,0,0,0,2.32,0,245,0,10.46,new_england_uranium,0.5,0,1,1,1,0,0,0,0,1,0.25,0.25,24,24,0.020833333,0.041666667,0,0,0,0,0
NENG_CT,1,NENG_CT_onshore_wind_turbine_1,onshore_wind,1,22,2,0,0,0,0,0,0,1,0,1,0.8,1,1,0,0,6.5,0,0,0,5,0,0,0,-1,0,-1,0,43205,0,0,0,0,-18,0,0,0,9.12,None,0,0,1,1,1,0,0,0,0,1,1,1,0,0,0.083333333,0.166666667,0,0,0,0,0
NENG_CT,1,NENG_CT_small_hydroelectric_1,other_renewables,0,23,2,0,0,0,0,0,0,0,0,0,0,1,1,0,0,18.711,0,0,-1,0.57,0,0,0,-1,0,-1,0,46475,0,0,0,0,0,0,0,0,9.12,None,0.18,0,1,1,1,0,0,0,0,1,1,1,0,0,0.083333333,0.166666667,0,0,0,0,0
NENG_CT,1,NENG_CT_solar_photovoltaic_1,solar,1,24,2,0,0,0,0,0,0,1,0,1,0.8,1,1,0,0,374.6,0,0,0,5.67,0,0,0,-1,0,-1,0,18760,0,0,0,0,0,0,0,0,9.16,None,0,0,1,1,1,0,0,0,0,1,1,1,0,0,0.083333333,0.166666667,0,0,0,0,0
NENG_ME,1,NENG_ME_biomass_1,other_renewables,0,25,3,1,1,0,0,0,0,0,0,0,0.93,1,1,0,0,24.95,0,0,-1,2.5,0,0,0,-1,0,-1,0,122976,0,0,0,0,4.85,0,0,0,13.84,None,0.404,0,1,1,1,0,0,0,0,1,1,1,0,0,0.083333333,0.166666667,0,0,0,0,0
NENG_ME,1,NENG_ME_conventional_hydroelectric_1,other_renewables,0,26,3,0,0,0,1,0,0,0,0,0,0.8,0,1,0,0,327.81,0,0,-1,7.8,0,0,0,-1,0,-1,0,46475,0,0,0,0,0,0,0,0,9.12,None,0.402,0,1,1,1,0,0,0,0,1,0.083,0.083,0,0,0.006916667,0.013833333,0,0,0,0,0
NENG_ME,1,NENG_ME_natural_gas_fired_combined_cycle_1,natural_gas,1,27,3,1,1,0,0,0,0,0,0,0,0.93,0,0,0,0,274.5,0,0,0,137.25,0,0,0,-1,0,-1,0,16291,0,0,0,0,4.5,0,91,2,12.62,NENG_ME_NG,0.474,0,1,1,1,0,0,0,0,1,0.64,0.64,6,6,0.053333333,0.106666667,0,0,0,0,0
NENG_ME,2,NENG_ME_natural_gas_fired_combined_cycle_2,natural_gas,1,28,3,1,1,0,0,0,0,0,0,0,0.93,0,0,0,0,1114.1,0,0,0,557.05,0,0,0,-1,0,-1,0,9668,0,0,0,0,3.57,0,91,2,7.65,NENG_ME_NG,0.386,0,1,1,1,0,0,0,0,1,0.64,0.64,6,6,0.053333333,0.106666667,0,0,0,0,0
NENG_ME,1,NENG_ME_natural_gas_fired_combustion_turbine_1,natural_gas,1,29,3,1,1,0,0,0,0,0,0,0,0.93,0,0,0,0,163.5,0,0,0,54.5,0,0,0,-1,0,-1,0,11540,0,0,0,0,4.6,0,118,3.5,4.75,NENG_ME_NG,0.697,0,1,1,1,0,0,0,0,1,3.78,3.78,1,1,0.315,0.63,0,0,0,0,0
NENG_ME,1,NENG_ME_onshore_wind_turbine_1,onshore_wind,1,30,3,0,0,0,0,0,0,1,0,1,0.8,1,1,0,0,1190.9,0,0,0,48.5,0,0,0,-1,0,-1,0,43205,0,0,0,0,-18,0,0,0,9.12,None,0,0,1,1,1,0,0,0,0,1,1,1,0,0,0.083333333,0.166666667,0,0,1,0,0
NENG_ME,1,NENG_ME_small_hydroelectric_1,other_renewables,0,31,3,0,0,0,0,0,0,0,0,0,0,1,1,0,0,195.266,0,0,-1,1.1,0,0,0,-1,0,-1,0,46475,0,0,0,0,0,0,0,0,9.12,None,0.192,0,1,1,1,0,0,0,0,1,1,1,0,0,0.083333333,0.166666667,0,0,0,0,0
NENG_ME,1,NENG_ME_solar_photovoltaic_1,solar,1,32,3,0,0,0,0,0,0,1,0,1,0.8,1,1,0,0,11.8,0,0,0,1.5,0,0,0,-1,0,-1,0,18760,0,0,0,0,0,0,0,0,9.12,None,0,0,1,1,1,0,0,0,0,1,1,1,0,0,0.083333333,0.166666667,0,0,0,0,0
NENGREST,0,NENGREST_naturalgas_ccccsavgcf_mid_0,natural_gas_CCS,1,33,1,1,1,0,0,0,0,0,0,0,0.93,0,0,0,0,0,0,0,0,500,0,-1,0,-1,0,-1,229388,27483,0,0,0,0,5.82,0,103,0,7.52,NENGREST_NG_ccs90,0.6,0,1,1,1,0,0,0,0,1,0.64,0.64,6,6,0.053333333,0.106666667,0,0,0,0,0
NENGREST,0,NENGREST_naturalgas_ccavgcf_mid_0,natural_gas,1,34,1,1,1,0,0,0,0,0,0,0,0.93,0,0,0,0,0,0,0,1,500,0,-1,0,-1,0,-1,110025,12441,0,0,0,0,1.61,0,103,2,6.27,NENGREST_NG,0.2,0,1,1,1,0,0,0,0,1,0.64,0.64,6,6,0.053333333,0.106666667,0,0,0,0,0
NENGREST,0,NENGREST_naturalgas_ctavgcf_mid_0,natural_gas,1,35,1,1,1,0,0,0,0,0,0,0,0.93,0,0,0,0,0,0,0,1,100,0,-1,0,-1,0,-1,81998,6960,0,0,0,0,4.49,0,134,3.5,9.9,NENGREST_NG,0.3,0,1,1,1,0,0,0,0,1,3.78,3.78,1,1,0.315,0.63,0,0,0,0,0
NENGREST,0,NENGREST_battery_mid_0,battery_mid,0,36,1,0,0,1,0,0,0,0,0,0,0.95,0,0,0,0,0,0,0,1,1,0,-1,0,-1,0,-1,19584,4895,22494,5622,0,0,0.15,0.15,0,0,0,None,0,0,0.92,0.92,1,1,10,0,0,1,1,1,0,0,0.083333333,0.166666667,0,0,0,0,0
NENGREST,0,NENGREST_naturalgas_ccs100_mid_0,natural_gas_CCS,1,37,1,1,1,0,0,0,0,0,0,0,0.93,0,0,0,0,0,0,0,0,500,0,-1,0,-1,0,-1,239841,37153,0,0,0,0,6.26,0,103,0,7.89,NENGREST_NG_ccs100,0.6,0,1,1,1,0,0,0,0,1,0.64,0.64,6,6,0.053333333,0.106666667,0,0,0,0,0
NENGREST,1,NENGREST_landbasedwind_ltrg1_mid_130_1,onshore_wind,1,38,1,0,0,0,0,0,0,1,0,1,0.8,1,1,0,0,0,0,0,1,1,0,4888.236,0,-1,0,-1,194100,41460,0,0,0,0,0,0,0,0,0,None,0,0,1,1,1,0,0,0,0,1,1,1,0,0,0.083333333,0.166666667,0,0,1,0,0
NENGREST,1,NENGREST_utilitypv_losangeles_mid_80_0_2_1,solar,1,39,1,0,0,0,0,0,0,1,0,1,0.8,1,1,0,0,0,0,0,1,1,0,20835.569,0,-1,0,-1,99283,13055,0,0,0,0,0,0,0,0,0,None,0,0,1,1,1,0,0,0,0,1,1,1,0,0,0.083333333,0.166666667,0,0,0,0,1
NENGREST,1,NENGREST_offshorewind_otrg3_mid_fixed_1_176_77_1,offshore_wind,1,40,1,0,0,0,0,0,0,1,0,1,0.8,1,1,0,0,0,0,0,1,1,0,9848.442,0,-1,0,-1,260044,91549,0,0,0,0,0,0,0,0,0,None,0,0,1,1,1,0,0,0,0,1,1,1,0,0,0.083333333,0.166666667,0,0,1,1,0
NENG_CT,0,NENG_CT_naturalgas_ccccsavgcf_mid_0,natural_gas_CCS,1,41,2,1,1,0,0,0,0,0,0,0,0.93,0,0,0,0,0,0,0,0,500,0,-1,0,-1,0,-1,229388,27483,0,0,0,0,5.82,0,103,0,7.52,NENG_CT_NG_ccs90,0.6,0,1,1,1,0,0,0,0,1,0.64,0.64,6,6,0.053333333,0.106666667,0,0,0,0,0
NENG_CT,0,NENG_CT_naturalgas_ccavgcf_mid_0,natural_gas,1,42,2,1,1,0,0,0,0,0,0,0,0.93,0,0,0,0,0,0,0,1,500,0,-1,0,-1,0,-1,110025,12441,0,0,0,0,1.61,0,103,2,6.27,NENG_CT_NG,0.2,0,1,1,1,0,0,0,0,1,0.64,0.64,6,6,0.053333333,0.106666667,0,0,0,0,0
NENG_CT,0,NENG_CT_naturalgas_ctavgcf_mid_0,natural_gas,1,43,2,1,1,0,0,0,0,0,0,0,0.93,0,0,0,0,0,0,0,1,100,0,-1,0,-1,0,-1,81998,6960,0,0,0,0,4.49,0,134,3.5,9.9,NENG_CT_NG,0.3,0,1,1,1,0,0,0,0,1,3.78,3.78,1,1,0.315,0.63,0,0,0,0,0
NENG_CT,0,NENG_CT_battery_mid_0,battery_mid,0,44,2,0,0,1,0,0,0,0,0,0,0.95,0,0,0,0,0,0,0,1,1,0,-1,0,-1,0,-1,19584,4895,22494,5622,0,0,0.15,0.15,0,0,0,None,0,0,0.92,0.92,1,1,10,0,0,1,1,1,0,0,0.083333333,0.166666667,0,0,0,0,0
NENG_CT,0,NENG_CT_naturalgas_ccs100_mid_0,natural_gas_CCS,1,45,2,1,1,0,0,0,0,0,0,0,0.93,0,0,0,0,0,0,0,0,500,0,-1,0,-1,0,-1,239841,37153,0,0,0,0,6.26,0,103,0,7.89,NENG_CT_NG_ccs100,0.6,0,1,1,1,0,0,0,0,1,0.64,0.64,6,6,0.053333333,0.106666667,0,0,0,0,0
NENG_CT,1,NENG_CT_landbasedwind_ltrg1_mid_110_1,onshore_wind,1,46,2,0,0,0,0,0,0,1,0,1,0.8,1,1,0,0,0,0,0,1,1,0,1982.895,0,-1,0,-1,185181,41460,0,0,0,0,0,0,0,0,0,None,0,0,1,1,1,0,0,0,0,1,1,1,0,0,0.083333333,0.166666667,0,0,0,0,0
NENG_CT,1,NENG_CT_utilitypv_losangeles_mid_80_0_2_1,solar,1,47,2,0,0,0,0,0,0,1,0,1,0.8,1,1,0,0,0,0,0,1,1,0,17063.264,0,-1,0,-1,98631,13055,0,0,0,0,0,0,0,0,0,None,0,0,1,1,1,0,0,0,0,1,1,1,0,0,0.083333333,0.166666667,0,0,0,0,0
NENG_CT,1,NENG_CT_offshorewind_otrg3_mid_fixed_1_176_77_1,offshore_wind,1,48,2,0,0,0,0,0,0,1,0,1,0.8,1,1,0,0,0,0,0,1,1,0,477.5,0,-1,0,-1,247542,91549,0,0,0,0,0,0,0,0,0,None,0,0,1,1,1,0,0,0,0,1,1,1,0,0,0.083333333,0.166666667,0,0,0,0,0
NENG_ME,0,NENG_ME_naturalgas_ccccsavgcf_mid_0,natural_gas_CCS,1,49,3,1,1,0,0,0,0,0,0,0,0.93,0,0,0,0,0,0,0,0,500,0,-1,0,-1,0,-1,229388,27483,0,0,0,0,5.82,0,103,0,7.52,NENG_ME_NG_ccs90,0.6,0,1,1,1,0,0,0,0,1,0.64,0.64,6,6,0.053333333,0.106666667,0,0,0,0,0
NENG_ME,0,NENG_ME_naturalgas_ccavgcf_mid_0,natural_gas,1,50,3,1,1,0,0,0,0,0,0,0,0.93,0,0,0,0,0,0,0,1,500,0,-1,0,-1,0,-1,110025,12441,0,0,0,0,1.61,0,103,2,6.27,NENG_ME_NG,0.2,0,1,1,1,0,0,0,0,1,0.64,0.64,6,6,0.053333333,0.106666667,0,0,0,0,0
NENG_ME,0,NENG_ME_naturalgas_ctavgcf_mid_0,natural_gas,1,51,3,1,1,0,0,0,0,0,0,0,0.93,0,0,0,0,0,0,0,1,100,0,-1,0,-1,0,-1,81998,6960,0,0,0,0,4.49,0,134,3.5,9.9,NENG_ME_NG,0.3,0,1,1,1,0,0,0,0,1,3.78,3.78,1,1,0.315,0.63,0,0,0,0,0
NENG_ME,0,NENG_ME_battery_mid_0,battery_mid,0,52,3,0,0,1,0,0,0,0,0,0,0.95,0,0,0,0,0,0,0,1,1,0,-1,0,-1,0,-1,19584,4895,22494,5622,0,0,0.15,0.15,0,0,0,None,0,0,0.92,0.92,1,1,10,0,0,1,1,1,0,0,0.083333333,0.166666667,0,0,0,0,0
NENG_ME,0,NENG_ME_naturalgas_ccs100_mid_0,natural_gas_CCS,1,53,3,1,1,0,0,0,0,0,0,0,0.93,0,0,0,0,0,0,0,0,500,0,-1,0,-1,0,-1,239841,37153,0,0,0,0,6.26,0,103,0,7.89,NENG_ME_NG_ccs100,0.6,0,1,1,1,0,0,0,0,1,0.64,0.64,6,6,0.053333333,0.106666667,0,0,0,0,0
NENG_ME,1,NENG_ME_landbasedwind_ltrg1_mid_110_1,onshore_wind,1,54,3,0,0,0,0,0,0,1,0,1,0.8,1,1,0,0,0,0,0,1,1,0,20430.499,0,-1,0,-1,233173,41460,0,0,0,0,0,0,0,0,0,None,0,0,1,1,1,0,0,0,0,1,1,1,0,0,0.083333333,0.166666667,0,0,1,0,0
NENG_ME,1,NENG_ME_utilitypv_losangeles_mid_100_0_2_1,solar,1,55,3,0,0,0,0,0,0,1,0,1,0.8,1,1,0,0,0,0,0,1,1,0,21535.709,0,-1,0,-1,98706,13055,0,0,0,0,0,0,0,0,0,None,0,0,1,1,1,0,0,0,0,1,1,1,0,0,0.083333333,0.166666667,0,0,0,0,0
NENGREST,1,NENGREST_heat_load_shifting_1,heat_load_shifting,0,56,1,0,0,0,0,1,0,0,0,0,0.95,0,0,0,0,165.52,0,0,-1,0,0,0,0,-1,0,-1,0,0,0,0,0,0,0,0,0,0,0,None,0,0,0,0,0,0,0,0,4,1,0,0,0,0,0,0,0,0,0,0,0
NENG_CT,1,NENG_CT_heat_load_shifting_1,heat_load_shifting,0,57,2,0,0,0,0,1,0,0,0,0,0.95,0,0,0,0,47.27,0,0,-1,0,0,0,0,-1,0,-1,0,0,0,0,0,0,0,0,0,0,0,None,0,0,0,0,0,0,0,0,4,1,0,0,0,0,0,0,0,0,0,0,0
NENG_ME,1,NENG_ME_heat_load_shifting_1,heat_load_shifting,0,58,3,0,0,0,0,1,0,0,0,0,0.95,0,0,0,0,22.56,0,0,-1,0,0,0,0,-1,0,-1,0,0,0,0,0,0,0,0,0,0,0,None,0,0,0,0,0,0,0,0,4,1,0,0,0,0,0,0,0,0,0,0,0
